<?xml version="1.0" encoding="UTF-8"?>
<project-private xmlns="http://www.netbeans.org/ns/project-private/1">
    <editor-bookmarks xmlns="http://www.netbeans.org/ns/editor-bookmarks/2" lastBookmarkId="0"/>
    <open-files xmlns="http://www.netbeans.org/ns/projectui-open-files/2">
        <group>
            <file>file:/C:/Users/ricar/OneDrive/Documentos/Estudo/_UPF_ADS_Projects/POO/CalculoImc/src/Telas/AdicionarPessoa.java</file>
            <file>file:/C:/Users/ricar/OneDrive/Documentos/Estudo/_UPF_ADS_Projects/POO/CalculoImc/src/Dominio/Imc.java</file>
            <file>file:/C:/Users/ricar/OneDrive/Documentos/Estudo/_UPF_ADS_Projects/POO/CalculoImc/src/Telas/Principal.java</file>
            <file>file:/C:/Users/ricar/OneDrive/Documentos/Estudo/_UPF_ADS_Projects/POO/CalculoImc/src/Dominio/Estatistica.java</file>
            <file>file:/C:/Users/ricar/OneDrive/Documentos/Estudo/_UPF_ADS_Projects/POO/CalculoImc/src/Dominio/Pessoa.java</file>
        </group>
    </open-files>
</project-private>
